{
  "accuracy":0.9775309587642027,
  "macro":{
     "PRECISION":0.927460683475439,
     "RECALL":0.920633953723456,
     "F-MEASURE":0.9240347098730953
  },
  "micro":{
     "PRECISION":0.9213583556747096,
     "RECALL":0.9213583556747096,
     "F-MEASURE":0.9213583556747096
  },
  "matrix":{
     "AddToPlaylist":{
        "TP":160,
        "FP":12,
        "FN":9,
        "TN":938,
        "OBS":169,
        "CLS":172,
        "PRECISION":0.9302325581395349,
        "RECALL":0.9467455621301775,
        "F-MEASURE":0.9384164222873901,
        "ACCURACY":0.9812332439678284
     },
     "GetWeather":{
        "TP":147,
        "FP":12,
        "FN":4,
        "TN":956,
        "OBS":151,
        "CLS":159,
        "PRECISION":0.9245283018867925,
        "RECALL":0.9735099337748344,
        "F-MEASURE":0.9483870967741936,
        "ACCURACY":0.9857015192135835
     },
     "PlayMusic":{
        "TP":147,
        "FP":11,
        "FN":10,
        "TN":951,
        "OBS":157,
        "CLS":158,
        "PRECISION":0.930379746835443,
        "RECALL":0.9363057324840764,
        "F-MEASURE":0.9333333333333332,
        "ACCURACY":0.9812332439678284
     },
     "BookRestaurant":{
        "TP":165,
        "FP":38,
        "FN":4,
        "TN":912,
        "OBS":169,
        "CLS":203,
        "PRECISION":0.812807881773399,
        "RECALL":0.9763313609467456,
        "F-MEASURE":0.8870967741935485,
        "ACCURACY":0.9624664879356568
     },
     "RateBook":{
        "TP":158,
        "FP":3,
        "FN":1,
        "TN":957,
        "OBS":159,
        "CLS":161,
        "PRECISION":0.9813664596273292,
        "RECALL":0.9937106918238994,
        "F-MEASURE":0.9874999999999999,
        "ACCURACY":0.9964253798033958
     },
     "SearchScreeningEvent":{
        "TP":135,
        "FP":9,
        "FN":22,
        "TN":953,
        "OBS":157,
        "CLS":144,
        "PRECISION":0.9375,
        "RECALL":0.8598726114649682,
        "F-MEASURE":0.8970099667774086,
        "ACCURACY":0.9722966934763181
     },
     "SearchCreativeWork":{
        "TP":119,
        "FP":3,
        "FN":38,
        "TN":959,
        "OBS":157,
        "CLS":122,
        "PRECISION":0.9754098360655737,
        "RECALL":0.7579617834394905,
        "F-MEASURE":0.853046594982079,
        "ACCURACY":0.9633601429848079
     }
  }
}