{
  "accuracy":0.8531852419251883,
  "macro":{
     "PRECISION":0.4762103203140078,
     "RECALL":0.4963862181108241,
     "F-MEASURE":0.48608900111622944
  },
  "micro":{
     "PRECISION":0.48614834673815904,
     "RECALL":0.48614834673815904,
     "F-MEASURE":0.48614834673815904
  },
  "matrix":{
     "PlayMusic":{
        "TP":104,
        "FP":40,
        "FN":55,
        "TN":920,
        "OBS":159,
        "CLS":144,
        "PRECISION":0.7222222222222222,
        "RECALL":0.6540880503144654,
        "F-MEASURE":0.6864686468646864,
        "ACCURACY":0.9151027703306523
     },
     "RateBook":{
        "TP":149,
        "FP":335,
        "FN":5,
        "TN":630,
        "OBS":154,
        "CLS":484,
        "PRECISION":0.30785123966942146,
        "RECALL":0.9675324675324676,
        "F-MEASURE":0.4670846394984326,
        "ACCURACY":0.6961572832886506
     },
     "SearchScreeningEvent":{
        "TP":0,
        "FP":0,
        "FN":166,
        "TN":953,
        "OBS":166,
        "CLS":0,
        "PRECISION":null,
        "RECALL":0,
        "F-MEASURE":null,
        "ACCURACY":0.8516532618409294
     },
     "GetWeather":{
        "TP":139,
        "FP":27,
        "FN":12,
        "TN":941,
        "OBS":151,
        "CLS":166,
        "PRECISION":0.8373493975903614,
        "RECALL":0.9205298013245033,
        "F-MEASURE":0.8769716088328076,
        "ACCURACY":0.9651474530831099
     },
     "AddToPlaylist":{
        "TP":1,
        "FP":0,
        "FN":161,
        "TN":957,
        "OBS":162,
        "CLS":1,
        "PRECISION":1,
        "RECALL":0.006172839506172839,
        "F-MEASURE":0.012269938650306747,
        "ACCURACY":0.8561215370866846
     },
     "BookRestaurant":{
        "TP":151,
        "FP":173,
        "FN":12,
        "TN":783,
        "OBS":163,
        "CLS":324,
        "PRECISION":0.4660493827160494,
        "RECALL":0.9263803680981595,
        "F-MEASURE":0.6201232032854209,
        "ACCURACY":0.8346738159070599
     },
     "SearchCreativeWork":{
        "TP":0,
        "FP":0,
        "FN":164,
        "TN":955,
        "OBS":164,
        "CLS":0,
        "PRECISION":null,
        "RECALL":0,
        "F-MEASURE":null,
        "ACCURACY":0.8534405719392315
     }
  }
}