{
  "accuracy": 0.9765096387080301,
  "macro": {
    "PRECISION": 0.9187750998381417,
    "RECALL": 0.9162157986694879,
    "F-MEASURE": 0.917493664497695
  },
  "micro": {
    "PRECISION": 0.9177837354781054,
    "RECALL": 0.9177837354781054,
    "F-MEASURE": 0.9177837354781054
  },
  "matrix": {
    "RateBook": {
      "TP": 153,
      "FP": 4,
      "FN": 4,
      "TN": 958,
      "OBS": 157,
      "CLS": 157,
      "PRECISION": 0.9745222929936306,
      "RECALL": 0.9745222929936306,
      "F-MEASURE": 0.9745222929936306,
      "ACCURACY": 0.9928507596067918
    },
    "BookRestaurant": {
      "TP": 156,
      "FP": 29,
      "FN": 3,
      "TN": 931,
      "OBS": 159,
      "CLS": 185,
      "PRECISION": 0.8432432432432433,
      "RECALL": 0.9811320754716981,
      "F-MEASURE": 0.9069767441860466,
      "ACCURACY": 0.9714030384271671
    },
    "SearchScreeningEvent": {
      "TP": 137,
      "FP": 14,
      "FN": 18,
      "TN": 950,
      "OBS": 155,
      "CLS": 151,
      "PRECISION": 0.9072847682119205,
      "RECALL": 0.8838709677419355,
      "F-MEASURE": 0.8954248366013072,
      "ACCURACY": 0.9714030384271671
    },
    "AddToPlaylist": {
      "TP": 159,
      "FP": 5,
      "FN": 9,
      "TN": 946,
      "OBS": 168,
      "CLS": 164,
      "PRECISION": 0.9695121951219512,
      "RECALL": 0.9464285714285714,
      "F-MEASURE": 0.9578313253012049,
      "ACCURACY": 0.9874888293118856
    },
    "GetWeather": {
      "TP": 160,
      "FP": 12,
      "FN": 8,
      "TN": 939,
      "OBS": 168,
      "CLS": 172,
      "PRECISION": 0.9302325581395349,
      "RECALL": 0.9523809523809523,
      "F-MEASURE": 0.9411764705882352,
      "ACCURACY": 0.9821268990169795
    },
    "PlayMusic": {
      "TP": 151,
      "FP": 16,
      "FN": 8,
      "TN": 944,
      "OBS": 159,
      "CLS": 167,
      "PRECISION": 0.9041916167664671,
      "RECALL": 0.949685534591195,
      "F-MEASURE": 0.9263803680981595,
      "ACCURACY": 0.9785522788203753
    },
    "SearchCreativeWork": {
      "TP": 111,
      "FP": 12,
      "FN": 42,
      "TN": 954,
      "OBS": 153,
      "CLS": 123,
      "PRECISION": 0.9024390243902439,
      "RECALL": 0.7254901960784313,
      "F-MEASURE": 0.8043478260869564,
      "ACCURACY": 0.9517426273458445
    }
  }
}