{
  "accuracy": 0.9803395889186773,
  "macro": {
    "PRECISION": 0.9318083035337565,
    "RECALL": 0.9313066603135931,
    "F-MEASURE": 0.9315574143900215
  },
  "micro": {
    "PRECISION": 0.9311885612153709,
    "RECALL": 0.9311885612153709,
    "F-MEASURE": 0.9311885612153709
  },
  "matrix": {
    "SearchScreeningEvent": {
      "TP": 153,
      "FP": 15,
      "FN": 13,
      "TN": 938,
      "OBS": 166,
      "CLS": 168,
      "PRECISION": 0.9107142857142857,
      "RECALL": 0.9216867469879518,
      "F-MEASURE": 0.9161676646706587,
      "ACCURACY": 0.9749776586237712
    },
    "RateBook": {
      "TP": 166,
      "FP": 5,
      "FN": 1,
      "TN": 947,
      "OBS": 167,
      "CLS": 171,
      "PRECISION": 0.9707602339181286,
      "RECALL": 0.9940119760479041,
      "F-MEASURE": 0.9822485207100592,
      "ACCURACY": 0.9946380697050938
    },
    "AddToPlaylist": {
      "TP": 143,
      "FP": 12,
      "FN": 5,
      "TN": 959,
      "OBS": 148,
      "CLS": 155,
      "PRECISION": 0.9225806451612903,
      "RECALL": 0.9662162162162162,
      "F-MEASURE": 0.9438943894389439,
      "ACCURACY": 0.9848078641644326
    },
    "SearchCreativeWork": {
      "TP": 129,
      "FP": 8,
      "FN": 35,
      "TN": 947,
      "OBS": 164,
      "CLS": 137,
      "PRECISION": 0.9416058394160584,
      "RECALL": 0.7865853658536586,
      "F-MEASURE": 0.8571428571428571,
      "ACCURACY": 0.9615728328865059
    },
    "BookRestaurant": {
      "TP": 154,
      "FP": 21,
      "FN": 4,
      "TN": 940,
      "OBS": 158,
      "CLS": 175,
      "PRECISION": 0.88,
      "RECALL": 0.9746835443037974,
      "F-MEASURE": 0.9249249249249248,
      "ACCURACY": 0.9776586237712243
    },
    "PlayMusic": {
      "TP": 135,
      "FP": 8,
      "FN": 17,
      "TN": 959,
      "OBS": 152,
      "CLS": 143,
      "PRECISION": 0.9440559440559441,
      "RECALL": 0.8881578947368421,
      "F-MEASURE": 0.9152542372881356,
      "ACCURACY": 0.9776586237712243
    },
    "GetWeather": {
      "TP": 162,
      "FP": 8,
      "FN": 2,
      "TN": 947,
      "OBS": 164,
      "CLS": 170,
      "PRECISION": 0.9529411764705882,
      "RECALL": 0.9878048780487805,
      "F-MEASURE": 0.9700598802395209,
      "ACCURACY": 0.9910634495084897
    }
  }
}