{
  "accuracy": 0.9828928890591089,
  "macro": {
    "PRECISION": 0.9403765951214813,
    "RECALL": 0.9400327086582276,
    "F-MEASURE": 0.9402046204451314
  },
  "micro": {
    "PRECISION": 0.9401251117068812,
    "RECALL": 0.9401251117068812,
    "F-MEASURE": 0.9401251117068812
  },
  "matrix": {
    "AddToPlaylist": {
      "TP": 156,
      "FP": 3,
      "FN": 8,
      "TN": 952,
      "OBS": 164,
      "CLS": 159,
      "PRECISION": 0.9811320754716981,
      "RECALL": 0.9512195121951219,
      "F-MEASURE": 0.9659442724458204,
      "ACCURACY": 0.9901697944593387
    },
    "PlayMusic": {
      "TP": 152,
      "FP": 20,
      "FN": 3,
      "TN": 944,
      "OBS": 155,
      "CLS": 172,
      "PRECISION": 0.8837209302325582,
      "RECALL": 0.9806451612903225,
      "F-MEASURE": 0.929663608562691,
      "ACCURACY": 0.9794459338695264
    },
    "GetWeather": {
      "TP": 163,
      "FP": 8,
      "FN": 0,
      "TN": 948,
      "OBS": 163,
      "CLS": 171,
      "PRECISION": 0.9532163742690059,
      "RECALL": 1,
      "F-MEASURE": 0.9760479041916168,
      "ACCURACY": 0.9928507596067918
    },
    "SearchScreeningEvent": {
      "TP": 142,
      "FP": 11,
      "FN": 17,
      "TN": 949,
      "OBS": 159,
      "CLS": 153,
      "PRECISION": 0.9281045751633987,
      "RECALL": 0.8930817610062893,
      "F-MEASURE": 0.9102564102564102,
      "ACCURACY": 0.9749776586237712
    },
    "SearchCreativeWork": {
      "TP": 130,
      "FP": 18,
      "FN": 30,
      "TN": 941,
      "OBS": 160,
      "CLS": 148,
      "PRECISION": 0.8783783783783784,
      "RECALL": 0.8125,
      "F-MEASURE": 0.8441558441558441,
      "ACCURACY": 0.9571045576407506
    },
    "BookRestaurant": {
      "TP": 149,
      "FP": 0,
      "FN": 7,
      "TN": 963,
      "OBS": 156,
      "CLS": 149,
      "PRECISION": 1,
      "RECALL": 0.9551282051282052,
      "F-MEASURE": 0.9770491803278688,
      "ACCURACY": 0.9937444146559428
    },
    "RateBook": {
      "TP": 160,
      "FP": 7,
      "FN": 2,
      "TN": 950,
      "OBS": 162,
      "CLS": 167,
      "PRECISION": 0.9580838323353293,
      "RECALL": 0.9876543209876543,
      "F-MEASURE": 0.972644376899696,
      "ACCURACY": 0.9919571045576407
    }
  }
}