{"classifier":{"examples":{"greeting":[[1,0,0,0,0,0,0,0,0,0,0,0,0,0,0,0,0,0,0,0,0,0,0,0,0,0,0],[0,1,1,1,0,0,0,0,0,0,0,0,0,0,0,0,0,0,0,0,0,0,0,0,0,0,0],[0,0,0,0,1,0,0,0,0,0,0,0,0,0,0,0,0,0,0,0,0,0,0,0,0,0,0],[0,0,0,0,0,1,0,0,0,0,0,0,0,0,0,0,0,0,0,0,0,0,0,0,0,0,0],[0,1,0,1,0,0,1,0,0,0,0,0,0,0,0,0,0,0,0,0,0,0,0,0,0,0,0]],"goodbye":[[0,0,0,0,0,0,0,1,0,0,0,0,0,0,0,0,0,0,0,0,0,0,0,0,0,0,0],[0,0,0,0,0,0,0,0,1,0,0,0,0,0,0,0,0,0,0,0,0,0,0,0,0,0,0],[0,0,0,0,0,0,0,0,0,1,0,0,0,0,0,0,0,0,0,0,0,0,0,0,0,0,0]],"thanks":[[0,0,0,0,0,0,0,0,0,0,1,0,0,0,0,0,0,0,0,0,0,0,0,0,0,0,0],[0,0,0,0,0,0,0,0,0,0,1,1,0,0,0,0,0,0,0,0,0,0,0,0,0,0,0],[0,0,0,0,0,0,0,0,0,0,0,0,1,0,0,0,0,0,0,0,0,0,0,0,0,0,0]],"component":[[0,0,0,0,0,0,0,0,0,0,0,0,0,1,1,1,0,0,0,0,0,0,0,0,0,0,0],[0,0,0,0,0,0,0,0,0,0,0,0,0,0,0,1,1,1,0,0,0,0,0,0,0,0,0],[0,0,0,0,0,0,0,0,0,0,0,0,0,1,1,1,0,0,1,1,1,1,1,0,0,0,0],[0,0,0,1,0,0,0,0,0,0,0,0,0,0,0,1,0,0,0,0,0,0,0,1,1,0,0],[0,0,0,0,0,0,0,0,0,0,0,0,0,0,0,1,1,0,0,0,0,1,0,0,0,1,1]]},"features":[],"featurePositions":{},"maxFeaturePosition":0,"classifications":["greeting","goodbye","thanks","component"],"exampleCount":16,"theta":[{"elements":[4.271428632830383,2.766197370528596,1.383098685264298,1.6021612296576693,4.271428632830383,4.271428632830383,1.383098685264298,-2.6438416300360723,-2.6438416300360723,-2.6438416300360723,-3.0171075612681766,-1.101145931529851,-2.6438416300360723,-0.8422877694861233,-0.8422877694861233,-3.0256035353130275,-1.0192796249559788,-0.6241592064446746,-0.2566046218014265,-0.2566046218014265,-0.2566046218014265,-0.6517250403127293,-0.2566046218014265,-1.1640361408709274,-1.1640361408709274,-0.3951204185113036,-0.3951204185113036]},{"elements":[-2.258895354387363,-1.4100233498278902,-0.7050116749139451,-1.8104768437143806,-2.258895354387363,-2.258895354387363,-0.7050116749139451,4.630211349563237,4.630211349563237,4.630211349563237,-2.64702175592165,-0.9973287150099452,-2.258895354387363,-0.8565600126541568,-0.8565600126541568,-2.294714801755592,-1.037701295214944,-0.6376092310818264,-0.25761643107977966,-0.25761643107977966,-0.25761643107977966,-0.6577084952128969,-0.25761643107977966,-0.40045349388649026,-0.40045349388649026,-0.40009206413311676,-0.40009206413311676]},{"elements":[-1.6528214109681767,-1.1577835690863654,-0.5788917845431827,-1.5076419493918154,-1.6528214109681767,-1.6528214109681767,-0.5788917845431827,-1.6528214109681767,-1.6528214109681767,-1.6528214109681767,5.4563154487734105,1.6797390409661015,5.192353905996808,-0.7192992498059029,-0.7192992498059029,-1.932739241964874,-0.8635816118535208,-0.5187343779051359,-0.23382146880109395,-0.23382146880109395,-0.23382146880109395,-0.5786687027494782,-0.23382146880109395,-0.3498583803054505,-0.3498583803054505,-0.3448472339483844,-0.3448472339483844]},{"elements":[-0.8589965264835161,-1.1395358427177478,-0.5697679213588739,0.23346036378721738,-0.8589965264835161,-0.8589965264835161,-0.5697679213588739,-0.8589965264835161,-0.8589965264835161,-0.8589965264835161,-1.2282380039435081,-0.5374562545868538,-0.8589965264835161,1.5088178427617724,1.5088178427617724,4.722818276365359,1.841004227098621,1.2037960305116922,0.35077987617440004,0.35077987617440004,0.35077987617440004,0.9879880727613293,0.35077987617440004,1.372996206504965,1.372996206504965,0.6372081965869291,0.6372081965869291]}]},"docs":[{"label":"greeting","text":["你好"]},{"label":"greeting","text":["有人","在","吗"]},{"label":"greeting","text":["嗨"]},{"label":"greeting","text":["喂"]},{"label":"greeting","text":["请问","有人","吗"]},{"label":"goodbye","text":["再见"]},{"label":"goodbye","text":["拜拜"]},{"label":"goodbye","text":["拜"]},{"label":"thanks","text":["谢谢"]},{"label":"thanks","text":["谢谢","你"]},{"label":"thanks","text":["太棒了"]},{"label":"component","text":["什么","是","组件"]},{"label":"component","text":["组件","怎么","用"]},{"label":"component","text":["组件","和","插件","之间","的","区别","是","什么"]},{"label":"component","text":["组件","可以","复用","吗"]},{"label":"component","text":["怎么","划分","组件","的","粒度"]}],"features":{"你好":1,"有人":2,"在":1,"吗":3,"嗨":1,"喂":1,"请问":1,"再见":1,"拜拜":1,"拜":1,"谢谢":2,"你":1,"太棒了":1,"什么":2,"是":2,"组件":5,"怎么":2,"用":1,"和":1,"插件":1,"之间":1,"的":2,"区别":1,"可以":1,"复用":1,"划分":1,"粒度":1},"stemmer":{},"lastAdded":16,"events":{"domain":null,"_events":{},"_eventsCount":0}}